,location
乔尔-恩比德,中锋-前锋
托拜亚斯-哈里斯,前锋
本-西蒙斯,后卫-前锋
亚历克-伯克斯,后卫
约什-理查德森,后卫
艾尔-霍福德,中锋-前锋
格伦-罗宾逊,前锋
福尔康-科尔克马兹,后卫-前锋
谢克-米尔顿,后卫-前锋
德玛尔-德罗赞,后卫-前锋
拉马库斯-阿尔德里奇,中锋-前锋
帕蒂-米尔斯,后卫
德里克-怀特,后卫
布林-福布斯,后卫
德章泰-穆雷,后卫
鲁迪-盖伊,前锋-后卫
Keldon Johnson,前锋-后卫
布兰登-英格拉姆,前锋
Zion Williamson,前锋
朱-霍勒迪,后卫
JJ-雷迪克,后卫
洛伦佐-波尔,后卫
约什-哈特,后卫
德阿龙-福克斯,后卫
巴迪-希尔德,后卫
博格丹-博格达诺维奇,后卫
哈里森-巴恩斯,前锋
马文-巴格利三世,前锋
贾巴里-帕克,前锋
里乔恩-霍姆斯,前锋
内马尼亚-别利察,前锋
特雷-杨,后卫
约翰-科林斯,前锋-中锋
DeAndre Hunter,前锋-后卫
凯文-赫尔特,后卫-前锋
Cameron Reddish,前锋-后卫
凯里-欧文,后卫
斯宾瑟-丁威迪,后卫
卡里斯-勒维尔,后卫
乔-哈里斯,后卫-前锋
托里恩-普林斯,前锋
贾勒特艾伦,中锋
加雷特-坦普尔,后卫-前锋
科林-塞克斯顿,后卫
凯文-乐福,前锋-中锋
Darius Garland,后卫
特里斯坦-汤普森,中锋-前锋
切迪-奥斯曼,前锋
小拉里-南斯,前锋-中锋
Kevin Porter Jr.,后卫-前锋
多诺万米切尔,后卫
博扬-博格达诺维奇,前锋
乔丹-克拉克森,后卫
鲁迪-戈贝尔,中锋
麦克-康利,后卫
乔-因戈尔斯,前锋-后卫
安东尼-戴维斯,前锋-中锋
勒布朗-詹姆斯,前锋
凯尔-库兹马,前锋
马基夫-莫里斯,前锋
肯塔维厄斯 卡德维尔-波普,后卫
杰森-塔图姆,前锋-后卫
肯巴-沃克,后卫
杰伦-布朗,后卫-前锋
戈登-海沃德,前锋
马库斯-斯马特,后卫
丹尼尔-泰斯,前锋-中锋
布拉德利-比尔,后卫
戴维斯-贝尔坦斯,前锋
Rui Hachimura,前锋
托马斯-布莱恩特,中锋-前锋
乔丹-麦克雷,后卫
以赛亚-托马斯,后卫
伊斯-史密斯,后卫
特洛伊-布朗,后卫-前锋
沙巴兹-内皮尔,后卫
德文-布克,后卫
凯利-乌布雷,前锋-后卫
德安德烈-艾顿,中锋
里基-卢比奥,后卫
阿隆-贝恩斯,中锋-前锋
卡梅伦-佩恩,后卫
达里奥-萨里奇,前锋-中锋
弗兰克-卡明斯基,前锋-中锋
德文特-葛拉罕,后卫
特里-罗齐尔,后卫
迈尔斯-布里奇斯,前锋
P.J. Washington,前锋
科迪-泽勒,前锋-中锋
马利克-莫克,后卫
马库斯-莫里斯,前锋
朱利叶斯-兰德尔,前锋-中锋
RJ Barrett,前锋-后卫
鲍比-波蒂斯,前锋
埃尔弗里德-佩顿,后卫
米切尔-鲁滨逊,中锋-前锋
TJ-沃伦,前锋
多曼塔斯-萨博尼斯,前锋-中锋
马尔科姆-布罗格登,后卫
维克托-奥拉迪波,后卫
杰里米-兰姆,后卫-前锋
迈尔斯-特纳,中锋-前锋
道格-迈克德莫特,前锋
艾伦-霍利迪,后卫
科怀-莱昂纳德,前锋
保罗-乔治,前锋
蒙特雷斯-哈雷尔,前锋-中锋
路易斯-威廉姆斯,后卫
雷吉-杰克逊,后卫
兰德里-沙梅特,后卫
詹姆斯-哈登,后卫
拉塞尔-韦斯布鲁克,后卫
埃里克-戈登,后卫
克林特-卡佩拉,中锋
丹纽尔-豪斯,前锋-后卫
本-麦克勒莫,后卫
帕斯卡尔-西亚卡姆,前锋
凯尔-洛瑞,后卫
弗雷德-万维利特,后卫
诺曼-鲍威尔,后卫
赛尔吉-伊巴卡,前锋
OG-阿奴诺比,前锋
亚历山大,后卫-前锋
丹尼斯-施罗德,后卫
达尼罗-加里纳利,前锋
克里斯-保罗,后卫
斯蒂文-亚当斯,中锋
卡尔-安东尼-唐斯,中锋-前锋
丹吉洛-拉塞尔,后卫
安德鲁-维金斯,前锋
杰夫-蒂格,后卫
罗伯特-科温顿,前锋
马利克-比斯利,后卫
Jarrett Culver,后卫-前锋
杰克-雷曼,前锋
扬尼斯-阿德托昆博,前锋
克里斯-米德尔顿,前锋
埃里克-布莱德索,后卫
布鲁克-洛佩兹,中锋
乔治-希尔,后卫
多特-迪万斯索,后卫
Ja Morant,后卫
贾伦-杰克逊,前锋-中锋
狄龙布鲁克斯,后卫-前锋
尤纳斯-瓦兰丘纳斯,中锋
Brandon Clarke,前锋-后卫
贾斯蒂斯-温斯洛,前锋-后卫
贾伊-克劳德,前锋
迪昂-维特斯,后卫
尼古拉-约基奇,中锋
贾马尔-穆雷,后卫
威尔-巴顿,后卫
杰拉米-格兰特,前锋
保罗-米尔萨普,前锋
加里-哈里斯,后卫
Michael Porter Jr.,前锋
德里克-罗斯,后卫
安德鲁-德拉蒙德,中锋
卢克-肯纳德,后卫
布雷克-格里芬,前锋
克里斯蒂安-伍德,前锋
兰斯顿-加洛维,后卫
卢卡-多西奇,前锋-后卫
克里斯塔普斯-波尔津吉斯,前锋-中锋
小蒂姆-哈达威,后卫-前锋
塞斯-库里,后卫
多利安-芬尼-史密斯,前锋
德怀特-鲍威尔,前锋-中锋
马克西-克勒贝尔,前锋
达米安-利拉德,后卫
C.J.麦科勒姆,后卫
尤素夫-努尔基奇,中锋
哈桑-怀特塞德,中锋
卡梅隆-安东尼,前锋
罗德尼-胡德,后卫-前锋
扎克-拉文,后卫-前锋
劳里-马尔卡宁,前锋-中锋
Coby White,后卫
奥托-波特,前锋
温德尔-卡特,中锋-前锋
赛迪斯-杨,前锋
托马斯-萨托兰斯基,后卫
斯蒂芬-库里,后卫
Eric Paschall,前锋
达迈・李,后卫-前锋
麦克-穆尔德,后卫
马基斯-克里斯,前锋
吉米-巴特勒,前锋
戈兰-德拉季奇,后卫
巴姆-阿德巴约,中锋-前锋
肯德里克-纳恩,后卫
邓肯-鲁滨逊,前锋
Tyler Herro,后卫
尼科拉-武切维奇,中锋
伊万-福尼耶,后卫-前锋
特伦斯-罗斯,后卫-前锋
阿隆-戈登,前锋
马克尔-富尔茨,后卫
乔纳森-艾萨克,前锋
D.J.奥古斯丁,后卫
