,cnName,img
0,詹姆斯-哈登,https://nba.sports.qq.com/media/img/players/head/260x190/201935.png
1,布拉德利-比尔,https://nba.sports.qq.com/media/img/players/head/260x190/203078.png
2,达米安-利拉德,https://nba.sports.qq.com/media/img/players/head/260x190/203081.png
3,特雷-杨,https://nba.sports.qq.com/media/img/players/head/260x190/1629027.png
4,扬尼斯-阿德托昆博,https://nba.sports.qq.com/media/img/players/head/260x190/203507.png
5,卢卡-多西奇,https://nba.sports.qq.com/media/img/players/head/260x190/1629029.png
6,凯里-欧文,https://nba.sports.qq.com/media/img/players/head/260x190/202681.png
7,拉塞尔-韦斯布鲁克,https://nba.sports.qq.com/media/img/players/head/260x190/201566.png
8,科怀-莱昂纳德,https://nba.sports.qq.com/media/img/players/head/260x190/202695.png
9,德文-布克,https://nba.sports.qq.com/media/img/players/head/260x190/1626164.png
10,卡尔-安东尼-唐斯,https://nba.sports.qq.com/media/img/players/head/260x190/1626157.png
11,安东尼-戴维斯,https://nba.sports.qq.com/media/img/players/head/260x190/203076.png
12,扎克-拉文,https://nba.sports.qq.com/media/img/players/head/260x190/203897.png
13,勒布朗-詹姆斯,https://nba.sports.qq.com/media/img/players/head/260x190/2544.png
14,多诺万米切尔,https://nba.sports.qq.com/media/img/players/head/260x190/1628378.png
15,布兰登-英格拉姆,https://nba.sports.qq.com/media/img/players/head/260x190/1627742.png
16,杰森-塔图姆,https://nba.sports.qq.com/media/img/players/head/260x190/1628369.png
17,丹吉洛-拉塞尔,https://nba.sports.qq.com/media/img/players/head/260x190/1626156.png
18,乔尔-恩比德,http://mat1.gtimg.com/sports/NBAImages/PlayerImages/260x190203954.png
19,帕斯卡尔-西亚卡姆,https://nba.sports.qq.com/media/img/players/head/260x190/1627783.png
20,Zion Williamson,https://nba.sports.qq.com/media/img/players/head/260x190/1629627.png
21,安德鲁-维金斯,https://nba.sports.qq.com/media/img/players/head/260x190/203952.png
22,C.J.麦科勒姆,https://nba.sports.qq.com/media/img/players/head/260x190/203468.png
23,德玛尔-德罗赞,https://nba.sports.qq.com/media/img/players/head/260x190/201942.png
24,约翰-科林斯,https://nba.sports.qq.com/media/img/players/head/260x190/1628381.png
25,保罗-乔治,https://nba.sports.qq.com/media/img/players/head/260x190/202331.png
26,德阿龙-福克斯,https://nba.sports.qq.com/media/img/players/head/260x190/1628368.png
27,克里斯-米德尔顿,https://nba.sports.qq.com/media/img/players/head/260x190/203114.png
28,科林-塞克斯顿,https://nba.sports.qq.com/media/img/players/head/260x190/1629012.png
29,斯蒂芬-库里,https://nba.sports.qq.com/media/img/players/head/260x190/201939.png
30,斯宾瑟-丁威迪,https://nba.sports.qq.com/media/img/players/head/230x185/203915.png
31,克里斯塔普斯-波尔津吉斯,https://nba.sports.qq.com/media/img/players/head/260x190/204001.png
32,肯巴-沃克,https://nba.sports.qq.com/media/img/players/head/260x190/202689.png
33,杰伦-布朗,https://nba.sports.qq.com/media/img/players/head/260x190/1627759.png
34,博扬-博格达诺维奇,https://nba.sports.qq.com/media/img/players/head/260x190/202711.png
35,尼古拉-约基奇,https://nba.sports.qq.com/media/img/players/head/260x190/203999.png
36,吉米-巴特勒,https://nba.sports.qq.com/media/img/players/head/260x190/202710.png
37,TJ-沃伦,https://nba.sports.qq.com/media/img/players/head/260x190/203933.png
38,马库斯-莫里斯,https://nba.sports.qq.com/media/img/players/head/260x190/202694.png
39,尼科拉-武切维奇,https://nba.sports.qq.com/media/img/players/head/260x190/202696.png
40,托拜亚斯-哈里斯,https://nba.sports.qq.com/media/img/players/head/260x190/202699.png
41,朱利叶斯-兰德尔,https://nba.sports.qq.com/media/img/players/head/260x190/203944.png
42,凯尔-洛瑞,https://nba.sports.qq.com/media/img/players/head/260x190/200768.png
43,巴迪-希尔德,https://nba.sports.qq.com/media/img/players/head/260x190/1627741.png
44,朱-霍勒迪,https://nba.sports.qq.com/media/img/players/head/260x190/201950.png
45,亚历山大,https://nba.sports.qq.com/media/img/players/head/260x190/1628983.png
46,丹尼斯-施罗德,https://nba.sports.qq.com/media/img/players/head/260x190/203471.png
47,拉马库斯-阿尔德里奇,https://nba.sports.qq.com/media/img/players/head/260x190/200746.png
48,卡里斯-勒维尔,https://nba.sports.qq.com/media/img/players/head/260x190/1627747.png
49,凯利-乌布雷,https://nba.sports.qq.com/media/img/players/head/260x190/1626162.png
50,达尼罗-加里纳利,https://nba.sports.qq.com/media/img/players/head/260x190/201568.png
51,蒙特雷斯-哈雷尔,https://nba.sports.qq.com/media/img/players/head/260x190/1626149.png
52,多曼塔斯-萨博尼斯,https://nba.sports.qq.com/media/img/players/head/260x190/1627734.png
53,贾马尔-穆雷,https://nba.sports.qq.com/media/img/players/head/260x190/1627750.png
54,伊万-福尼耶,https://nba.sports.qq.com/media/img/players/head/260x190/203095.png
55,德文特-葛拉罕,https://nba.sports.qq.com/media/img/players/head/260x190/1628984.png
56,德安德烈-艾顿,https://nba.sports.qq.com/media/img/players/head/260x190/1629028.png
57,路易斯-威廉姆斯,https://nba.sports.qq.com/media/img/players/head/260x190/101150.png
58,德里克-罗斯,https://nba.sports.qq.com/media/img/players/head/260x190/201565.png
59,特里-罗齐尔,https://nba.sports.qq.com/media/img/players/head/260x190/1626179.png
60,Ja Morant,https://nba.sports.qq.com/media/img/players/head/260x190/1629630.png
61,安德鲁-德拉蒙德,https://nba.sports.qq.com/media/img/players/head/260x190/203083.png
62,克里斯-保罗,https://nba.sports.qq.com/media/img/players/head/260x190/101108.png
63,尤素夫-努尔基奇,https://nba.sports.qq.com/media/img/players/head/260x190/203994.png
64,凯文-乐福,https://nba.sports.qq.com/media/img/players/head/260x190/201567.png
65,弗雷德-万维利特,https://nba.sports.qq.com/media/img/players/head/260x190/1627832.png
66,戈登-海沃德,https://nba.sports.qq.com/media/img/players/head/260x190/202330.png
67,贾伦-杰克逊,https://nba.sports.qq.com/media/img/players/head/260x190/1628991.png
68,马尔科姆-布罗格登,https://nba.sports.qq.com/media/img/players/head/260x190/1627763.png
69,本-西蒙斯,https://nba.sports.qq.com/media/img/players/head/260x190/1627732.png
70,狄龙布鲁克斯,https://nba.sports.qq.com/media/img/players/head/260x190/1628415.png
71,戈兰-德拉季奇,http://mat1.gtimg.com/sports/NBAImages/PlayerImages/260x190201609.png
72,诺曼-鲍威尔,https://nba.sports.qq.com/media/img/players/head/260x190/1626181.png
73,巴姆-阿德巴约,https://nba.sports.qq.com/media/img/players/head/260x190/1628389.png
74,小蒂姆-哈达威,https://nba.sports.qq.com/media/img/players/head/260x190/203501.png
75,卢克-肯纳德,https://nba.sports.qq.com/media/img/players/head/260x190/1628379.png
76,布雷克-格里芬,https://nba.sports.qq.com/media/img/players/head/260x190/201933.png
77,哈桑-怀特塞德,https://nba.sports.qq.com/media/img/players/head/260x190/202355.png
78,卡梅隆-安东尼,https://nba.sports.qq.com/media/img/players/head/260x190/2546.png
79,赛尔吉-伊巴卡,https://nba.sports.qq.com/media/img/players/head/260x190/201586.png
80,戴维斯-贝尔坦斯,http://mat1.gtimg.com/sports/NBAImages/PlayerImages/260x190202722.png
81,肯德里克-纳恩,https://nba.sports.qq.com/media/img/players/head/260x190/1629134.png
82,JJ-雷迪克,https://nba.sports.qq.com/media/img/players/head/260x190/200755.png
83,乔丹-克拉克森,https://nba.sports.qq.com/media/img/players/head/260x190/203903.png
84,鲁迪-戈贝尔,https://nba.sports.qq.com/media/img/players/head/260x190/203497.png
85,威尔-巴顿,https://nba.sports.qq.com/media/img/players/head/260x190/203115.png
86,博格丹-博格达诺维奇,http://nbachina.qq.com/media/img/players/head/260x190/203992.png
87,亚历克-伯克斯,https://nba.sports.qq.com/media/img/players/head/260x190/202692.png
88,埃里克-布莱德索,https://nba.sports.qq.com/media/img/players/head/260x190/202339.png
89,尤纳斯-瓦兰丘纳斯,https://nba.sports.qq.com/media/img/players/head/260x190/202685.png
90,特伦斯-罗斯,https://nba.sports.qq.com/media/img/players/head/260x190/203082.png
91,劳里-马尔卡宁,https://nba.sports.qq.com/media/img/players/head/260x190/1628374.png
92,乔-哈里斯,https://nba.sports.qq.com/media/img/players/head/260x190/203925.png
93,哈里森-巴恩斯,https://nba.sports.qq.com/media/img/players/head/260x190/203084.png
94,维克托-奥拉迪波,https://nba.sports.qq.com/media/img/players/head/260x190/203506.png
95,麦克-康利,https://nba.sports.qq.com/media/img/players/head/260x190/201144.png
96,阿隆-戈登,https://nba.sports.qq.com/media/img/players/head/260x190/203932.png
97,埃里克-戈登,https://nba.sports.qq.com/media/img/players/head/260x190/201569.png
98,RJ Barrett,https://nba.sports.qq.com/media/img/players/head/260x190/1629628.png
99,马文-巴格利三世,https://nba.sports.qq.com/media/img/players/head/260x190/1628963.png
100,Eric Paschall,https://nba.sports.qq.com/media/img/players/head/260x190/1629672.png
101,贾巴里-帕克,https://nba.sports.qq.com/media/img/players/head/260x190/203953.png
102,克林特-卡佩拉,https://nba.sports.qq.com/media/img/players/head/260x190/203991.png
103,约什-理查德森,https://nba.sports.qq.com/media/img/players/head/260x190/1626196.png
104,Rui Hachimura,https://nba.sports.qq.com/media/img/players/head/260x190/1629060.png
105,邓肯-鲁滨逊,https://nba.sports.qq.com/media/img/players/head/260x190/1629130.png
106,Tyler Herro,https://nba.sports.qq.com/media/img/players/head/260x190/1629639.png
107,Coby White,https://nba.sports.qq.com/media/img/players/head/260x190/1629632.png
108,托马斯-布莱恩特,https://nba.sports.qq.com/media/img/players/head/260x190/1628418.png
109,杰夫-蒂格,https://nba.sports.qq.com/media/img/players/head/260x190/201952.png
110,克里斯蒂安-伍德,http://nbachina.qq.com/media/img/players/head/260x190/1626174.png
111,迈尔斯-布里奇斯,https://nba.sports.qq.com/media/img/players/head/260x190/1628970.png
112,里基-卢比奥,https://nba.sports.qq.com/media/img/players/head/260x190/201937.png
113,马库斯-斯马特,https://nba.sports.qq.com/media/img/players/head/260x190/203935.png
114,凯尔-库兹马,https://nba.sports.qq.com/media/img/players/head/260x190/1628398.png
115,乔丹-麦克雷,http://nbachina.qq.com/media/img/players/head/260x190/203895.png
116,罗伯特-科温顿,https://nba.sports.qq.com/media/img/players/head/260x190/203496.png
117,达迈·李,http://nbachina.qq.com/media/img/players/head/260x190/1627814.png
118,杰里米-兰姆,https://nba.sports.qq.com/media/img/players/head/260x190/203087.png
119,塞斯-库里,https://nba.sports.qq.com/media/img/players/head/260x190/203552.png
120,DeAndre Hunter,https://nba.sports.qq.com/media/img/players/head/260x190/1629631.png
121,Darius Garland,https://nba.sports.qq.com/media/img/players/head/260x190/1629636.png
122,里乔恩-霍姆斯,https://nba.sports.qq.com/media/img/players/head/260x190/1626158.png
123,以赛亚-托马斯,https://nba.sports.qq.com/media/img/players/head/260x190/202738.png
124,P.J. Washington,https://nba.sports.qq.com/media/img/players/head/260x190/1629023.png
125,凯文-赫尔特,https://nba.sports.qq.com/media/img/players/head/260x190/1628989.png
126,Brandon Clarke,https://nba.sports.qq.com/media/img/players/head/260x190/1629634.png
127,迈尔斯-特纳,https://nba.sports.qq.com/media/img/players/head/260x190/1626167.png
128,马克尔-富尔茨,https://nba.sports.qq.com/media/img/players/head/260x190/1628365.png
129,托里恩-普林斯,https://nba.sports.qq.com/media/img/players/head/260x190/1627752.png
130,布鲁克-洛佩兹,https://nba.sports.qq.com/media/img/players/head/260x190/201572.png
131,杰拉米-格兰特,https://nba.sports.qq.com/media/img/players/head/260x190/203924.png
132,特里斯坦-汤普森,https://nba.sports.qq.com/media/img/players/head/260x190/202684.png
133,乔纳森-艾萨克,https://nba.sports.qq.com/media/img/players/head/260x190/1628371.png
134,雷吉-杰克逊,https://nba.sports.qq.com/media/img/players/head/260x190/202704.png
135,艾尔-霍福德,https://nba.sports.qq.com/media/img/players/head/260x190/201143.png
136,奥托-波特,https://nba.sports.qq.com/media/img/players/head/260x190/203490.png
137,洛伦佐-波尔,https://nba.sports.qq.com/media/img/players/head/260x190/1628366.png
138,格伦-罗宾逊,https://nba.sports.qq.com/media/img/players/head/260x190/203922.png
139,保罗-米尔萨普,https://nba.sports.qq.com/media/img/players/head/260x190/200794.png
140,帕蒂-米尔斯,https://nba.sports.qq.com/media/img/players/head/260x190/201988.png
141,阿隆-贝恩斯,https://nba.sports.qq.com/media/img/players/head/260x190/203382.png
142,内马尼亚-别利察,https://nba.sports.qq.com/media/img/players/head/260x190/202357.png
143,德里克-怀特,https://nba.sports.qq.com/media/img/players/head/260x190/1628401.png
144,贾斯蒂斯-温斯洛,https://nba.sports.qq.com/media/img/players/head/260x190/1626159.png
145,温德尔-卡特,https://nba.sports.qq.com/media/img/players/head/260x190/1628976.png
146,马利克-比斯利,https://nba.sports.qq.com/media/img/players/head/260x190/1627736.png
147,布林-福布斯,https://nba.sports.qq.com/media/img/players/head/260x190/1627854.png
148,科迪-泽勒,https://nba.sports.qq.com/media/img/players/head/260x190/203469.png
149,贾勒特艾伦,https://nba.sports.qq.com/media/img/players/head/260x190/1628386.png
150,切迪-奥斯曼,http://nbachina.qq.com/media/img/players/head/260x190/1626224.png
151,麦克-穆尔德,https://nba.sports.qq.com/media/img/players/head/260x190/1628539.png
152,罗德尼-胡德,https://nba.sports.qq.com/media/img/players/head/260x190/203918.png
153,伊斯-史密斯,https://nba.sports.qq.com/media/img/players/head/260x190/202397.png
154,卡梅伦-佩恩,https://nba.sports.qq.com/media/img/players/head/260x190/1626166.png
155,斯蒂文-亚当斯,https://nba.sports.qq.com/media/img/players/head/260x190/203500.png
156,德章泰-穆雷,https://nba.sports.qq.com/media/img/players/head/260x190/1627749.png
157,鲁迪-盖伊,https://nba.sports.qq.com/media/img/players/head/260x190/200752.png
158,达里奥-萨里奇,http://mat1.gtimg.com/sports/NBAImages/PlayerImages/260x190203967.png
159,OG-阿奴诺比,https://nba.sports.qq.com/media/img/players/head/260x190/1628384.png
160,D.J.奥古斯丁,https://nba.sports.qq.com/media/img/players/head/260x190/201571.png
161,Cameron Reddish,https://nba.sports.qq.com/media/img/players/head/260x190/1629629.png
162,丹纽尔-豪斯,http://nbachina.qq.com/media/img/players/head/260x190/1627863.png
163,加里-哈里斯,https://nba.sports.qq.com/media/img/players/head/260x190/203914.png
164,特洛伊-布朗,https://nba.sports.qq.com/media/img/players/head/260x190/1628972.png
165,马利克-莫克,https://nba.sports.qq.com/media/img/players/head/260x190/1628370.png
166,赛迪斯-杨,https://nba.sports.qq.com/media/img/players/head/260x190/201152.png
167,加雷特-坦普尔,https://nba.sports.qq.com/media/img/players/head/260x190/202066.png
168,沙巴兹-内皮尔,https://nba.sports.qq.com/media/img/players/head/260x190/203894.png
169,兰斯顿-加洛维,https://nba.sports.qq.com/media/img/players/head/260x190/204038.png
170,道格-迈克德莫特,https://nba.sports.qq.com/media/img/players/head/260x190/203926.png
171,小拉里-南斯,https://nba.sports.qq.com/media/img/players/head/260x190/1626204.png
172,约什-哈特,https://nba.sports.qq.com/media/img/players/head/260x190/1628404.png
173,本-麦克勒莫,https://nba.sports.qq.com/media/img/players/head/260x190/203463.png
174,鲍比-波蒂斯,https://nba.sports.qq.com/media/img/players/head/260x190/1626171.png
175,埃尔弗里德-佩顿,https://nba.sports.qq.com/media/img/players/head/260x190/203901.png
176,Kevin Porter Jr.,https://nba.sports.qq.com/media/img/players/head/260x190/1629645.png
177,托马斯-萨托兰斯基,https://nba.sports.qq.com/media/img/players/head/260x190/203107.png
178,贾伊-克劳德,https://nba.sports.qq.com/media/img/players/head/260x190/203109.png
179,乔-因戈尔斯,https://nba.sports.qq.com/media/img/players/head/260x190/204060.png
180,福尔康-科尔克马兹,https://nba.sports.qq.com/media/img/players/head/260x190/1627788.png
181,米切尔-鲁滨逊,https://nba.sports.qq.com/media/img/players/head/260x190/1629011.png
182,马基夫-莫里斯,https://nba.sports.qq.com/media/img/players/head/260x190/202693.png
183,弗兰克-卡明斯基,https://nba.sports.qq.com/media/img/players/head/260x190/1626163.png
184,多利安-芬尼-史密斯,https://nba.sports.qq.com/media/img/players/head/260x190/1627827.png
185,艾伦-霍利迪,https://nba.sports.qq.com/media/img/players/head/260x190/1628988.png
186,德怀特-鲍威尔,https://nba.sports.qq.com/media/img/players/head/260x190/203939.png
187,乔治-希尔,https://nba.sports.qq.com/media/img/players/head/260x190/201588.png
188,谢克-米尔顿,https://nba.sports.qq.com/media/img/players/head/260x190/1629003.png
189,迪昂-维特斯,https://nba.sports.qq.com/media/img/players/head/260x190/203079.png
190,肯塔维厄斯 卡德维尔-波普,https://nba.sports.qq.com/media/img/players/head/260x190/203484.png
191,兰德里-沙梅特,https://nba.sports.qq.com/media/img/players/head/260x190/1629013.png
192,马基斯-克里斯,https://nba.sports.qq.com/media/img/players/head/260x190/1627737.png
193,Michael Porter Jr.,https://nba.sports.qq.com/media/img/players/head/260x190/1629008.png
194,多特-迪万斯索,https://nba.sports.qq.com/media/img/players/head/260x190/1628978.png
195,Jarrett Culver,https://nba.sports.qq.com/media/img/players/head/260x190/1629633.png
196,丹尼尔-泰斯,https://nba.sports.qq.com/media/img/players/head/260x190/1628464.png
197,马克西-克勒贝尔,https://nba.sports.qq.com/media/img/players/head/260x190/1628467.png
198,杰克-雷曼,https://nba.sports.qq.com/media/img/players/head/260x190/1627774.png
199,Keldon Johnson,https://nba.sports.qq.com/media/img/players/head/260x190/1629640.png
